<?xml version="1.0" encoding="UTF-8"?>
<skin name="classicLook">

  <template name="scriptBegin" ><![CDATA[
  <!-- 样式定义 -->
  <link rel="stylesheet" type="text/css" href="${contextPath}/e3/table/E3Table.css" >
  
  <script>
     //排序
     function e3_${table.id}_sort(pSortProperty, pSortName,pSortDir){
        var formID = "${table.id}Form";
        var formObj = document.getElementById(formID);
        formObj.net_jcreate_e3_table_html_sortProperty.value = pSortProperty;
        formObj.net_jcreate_e3_table_html_sortName.value = pSortName;        
        formObj.net_jcreate_e3_table_html_sortDir.value = pSortDir;
        formObj.net_jcreate_e3_table_html_start.value = "0";//排序时，显示第一页记录
        formObj.submit();
     }
     
     //跳转到指定页
     function e3_${table.id}_goStart(pStart){
        var formID = "${table.id}Form";
        var formObj = document.getElementById(formID);
        formObj.net_jcreate_e3_table_html_start.value = pStart;//修改开始记录的值.
        formObj.submit();        
     }
  </script>

  ]]></template>	
  <template name="scriptEnd" ><![CDATA[
  ]]></template>	
  
<template name="topNavigation" ><![CDATA[
<tr>
    <td><table class="listPage"  cellspacing="1"  style="position:relative;top:2">
           <tr class="navigation">
            <td colspan="${table.columnSize}" bgcolor="#D8DDF8">
              <span  style="float:left">
              #if ( ${pageInfo.hasPrevPage} )
              <a href="javascript:e3_${table.id}_goStart('${pageInfo.startOfPrevPage}')">&nbsp;上一页&nbsp;</a>
              #else
                  <span class="disabledText">上一页&nbsp;</span>
              #end
              #if ( ${pageInfo.hasNextPage} )
              <a href="javascript:e3_${table.id}_goStart('${pageInfo.startOfNextPage}')">下一页&nbsp;</a>
              #else
                  <span class="disabledText">下一页&nbsp;</span>              
              #end
              #if ( ${pageInfo.firstPage}==false )
              <a href="javascript:e3_${table.id}_goStart('${pageInfo.startOfFirstPage}')">第一页&nbsp;</a>
              #else
               <span class="disabledText">第一页&nbsp;</span>              
              #end 
              #if ( ${pageInfo.lastPage}==false )
              <a href="javascript:e3_${table.id}_goStart('${pageInfo.startOfLastPage}')">最后页&nbsp;</a>
              #else
               <span class="disabledText">最后页&nbsp;</span>              
             #end 
             </span>
             <span style="float:right">
               ${pageInfo.currPage}/${pageInfo.totalPages}页,总记录数：${pageInfo.total} 条
             </span>
             </td>             
          </tr>
    </table></td>
  </tr>
  ]]></template>	  
  
<template name="bottomNavigation" ><![CDATA[
<tr>
    <td><table class="listPage"  cellspacing="1"   >
            <tr class="navigation">
            <td colspan="${table.columnSize}" bgcolor="#D8DDF8">
              <span  style="float:left">
              #if ( ${pageInfo.hasPrevPage} )
              <a href="javascript:e3_${table.id}_goStart('${pageInfo.startOfPrevPage}')">&nbsp;上一页&nbsp;</a>
              #else
                  <span class="disabledText">上一页&nbsp;</span>
              #end
              #if ( ${pageInfo.hasNextPage} )
              <a href="javascript:e3_${table.id}_goStart('${pageInfo.startOfNextPage}')">下一页&nbsp;</a>
              #else
                  <span class="disabledText">下一页&nbsp;</span>              
              #end
              #if ( ${pageInfo.firstPage}==false )
              <a href="javascript:e3_${table.id}_goStart('${pageInfo.startOfFirstPage}')">第一页&nbsp;</a>
              #else
               <span class="disabledText">第一页&nbsp;</span>              
              #end 
              #if ( ${pageInfo.lastPage}==false )
              <a href="javascript:e3_${table.id}_goStart('${pageInfo.startOfLastPage}')">最后页&nbsp;</a>
              #else
               <span class="disabledText">最后页&nbsp;</span>              
             #end 
             </span>
             <span style="float:right">
               ${pageInfo.currPage}/${pageInfo.totalPages}页,总记录数：${pageInfo.total} 条
             </span>
             </td>             
          </tr>
    </table></td>
  </tr>

  ]]></template>	  
  
  
  <template name="docBegin" ><![CDATA[
     <table class="e3table" cellspacing="0" cellpadding="0">
  ]]></template>	
  <template name="docEnd" ><![CDATA[
     </table>
  ]]></template>	
  

  <template name="caption" ><![CDATA[
  <tr><td>
    <table width="100%" border="0">
      <tr>
        <td>
          <div class="caption">${caption}</div>           
        </td>
      </tr>
    </table>
   </td></tr> 
  ]]></template>	

  <template name="paramsForm" ><![CDATA[
    <form id="${table.id}Form" name="${table.id}Form" method="post" action="${table.uri}" >
#foreach ($param in $params)   
      <input type="hidden" name="${param.name}" value="${param.value}"/>
#end
    </form>  
  ]]></template>	


  <template name="tableBegin" ><![CDATA[
    <tr><td>  
      <table class="listPage"  cellspacing="1" style="position:relative; top:1" >
  ]]></template>	
  <template name="tableEnd" ><![CDATA[     
    </table>
   </td></tr>    
  ]]></template>	
  
  


  <template name="headerBegin" ><![CDATA[
    <tr class="head">
  ]]></template>	
  <template name="headerEnd" ><![CDATA[
     </tr>
  ]]></template>	
  
  
  <template name="columnBegin" ><![CDATA[<td #if ($column.width ) width="$column.width" #end  #if ($column.styleClass ) class="$column.styleClass" #end  #if ($column.style ) style="$column.style" #end>]]></template>	
  <template name="column" ><![CDATA[
    #if ( $column.sortable )
      <a href="javascript:e3_${table.id}_sort('${column.property}','${column.sortName}','${column.nextSortDir}')">${title}&nbsp;<IMG src="${contextPath}/e3/table/img/sort_${column.sortDir}.png"     border=0></a>    
    #else
      ${title}
    #end

  ]]></template>	
  <template name="columnEnd" ><![CDATA[</td>]]></template>	
  
  
  

  <template name="bodyBegin" ><![CDATA[
  ]]></template>	
  <template name="bodyEnd" ><![CDATA[
  ]]></template>	
  
  
  <template name="rowBegin" ><![CDATA[
     <tr ${row.AttributesAsString} class="row">
  ]]></template>	
  <template name="rowEnd" ><![CDATA[
     </tr>
  ]]></template>	  
  
  
  
  <template name="cellBegin" ><![CDATA[<td ${cell.AttributesAsString}>]]></template>	
  <template name="cell" ><![CDATA[${cellValue}]]></template>	 
  <template name="cellEnd" ><![CDATA[</td>]]></template>	
  
</skin>
