<?xml version="1.0" encoding="UTF-8"?>
<skin name="E3002" >   
	<processor type="net.jcreate.e3.table.skin.processor.VelocityTemplateProcessor"/>
	<constant name="displayMsg" dynamic="true" >
 	  <value><![CDATA[${messageResource.getMessage("e3.table.ext.displayMsg")}]]></value>
	</constant>
	<constant name="loadingMsg" dynamic="true" >
	  <value><![CDATA[${messageResource.getMessage("e3.table.ext.loadingMsg")}]]></value>
	</constant> 
	 
  <template name="scriptBegin" ><content><![CDATA[
#if ( ${table.exported} == false )  
    <link rel="stylesheet" type="text/css" href="${contextPath}/e3/commons/ext/resources/css/ext-all.css" />
 	<script type="text/javascript" src="${contextPath}/e3/commons/ext/adapter/ext/ext-base.js"></script>
 	<script type="text/javascript" src="${contextPath}/e3/commons/ext/ext-all.js"></script>
#end 	  
  ]]></content></template>
  	
  <template name="scriptEnd" ><content><![CDATA[
  ]]></content></template>	
   
<template name="topNavigation" ><content><![CDATA[
  ]]></content></template>	  
  
<template name="bottomNavigation" ><content><![CDATA[
]]></content></template>	  
  
  
  <template name="docBegin" ><content><![CDATA[
  ]]></content></template>	
  <template name="docEnd" ><content><![CDATA[
  ]]></content></template>	
  

  <template name="caption" ><content><![CDATA[
  ]]></content></template>	

  <template name="paramsForm" ><content><![CDATA[
  ]]></content></template>	


  <template name="tableBegin" ><content><![CDATA[
  ]]></content></template>
  	
  <template name="tableEnd" ><content><![CDATA[     
  ]]></content></template>	
  
  

  <template name="columnGroupsBegin" ><content><![CDATA[
  ]]></content></template>	
  <template name="columnGroupBegin" ><content><![CDATA[]]></content></template>	
  <template name="columnGroup" ><content><![CDATA[]]></content></template>	
  <template name="columnGroupEnd" ><content><![CDATA[]]></content></template>	


  <template name="headerBegin" ><content><![CDATA[
  ]]></content></template>	
  <template name="headerEnd" ><content><![CDATA[
  ]]></content></template>	 
  
  <!--fast模式不执行-->
  <template name="columnBegin" ><content><![CDATA[
  ]]></content></template>	  
  <template name="column" ><content><![CDATA[
  ]]></content></template>
  
  <!--fast模式不执行-->	
  <template name="columnEnd" ><content><![CDATA[
  ]]></content></template>	
  
  
  

  <template name="bodyBegin" ><content><![CDATA[
  ]]></content></template>	
  <template name="bodyEnd" ><content><![CDATA[
#macro (exportData)
##生成数据
{  
totalProperty:${pageInfo.total},root:[
#foreach($row in $rows)

#if ( $row.last )
{
#foreach($cell in $row.cells )
#if ( $cell.last )
   ${cell.column.property} : '${tools.escapeJs( $cell.getValue() )}'
#else
   ${cell.column.property} : '${tools.escapeJs( $cell.getValue() )}',
#end
#end
}
#else
{
#foreach($cell in $row.cells )
#if ( $cell.last )
   ${cell.column.property} : '${tools.escapeJs( $cell.getValue() )}'
#else
   ${cell.column.property} : '${tools.escapeJs( $cell.getValue() )}',
#end
#end
},
#end
#end
                      ]
}
#end  
#if ( ${table.exported} == false )  
   
   <div id="${table.id}E3GridZone"></div>
<script>
var ${table.id}E3ExtGrid;
var ${table.id}E3ExtStore;

function refresh_${table.id}(){
  //已经初始化.这个方法通用用与表格数据被删除或者更新后，来更新数据.
  if ( ${table.id}E3ExtStore != undefined ) {
    ${table.id}E3ExtStore.reload();
  }
}

 
 
Ext.onReady(function(){
  var firstData =
  #exportData()
  ;
Ext.data.HttpProxy_net_jcreate_e3_tableEx = function(pHttpProxy, pMemoryProxy){
    Ext.data.HttpProxy_net_jcreate_e3_tableEx.superclass.constructor.call(this);
    this.httpProxy = pHttpProxy;
    this.memoryProxy = pMemoryProxy;
    this.firstLoad = true;
};

Ext.extend( Ext.data.HttpProxy_net_jcreate_e3_tableEx, Ext.data.DataProxy, 
  {
    load : function(params, reader, callback, scope, arg){
       if ( this.firstLoad ) {
        this.firstLoad = false;
        //如果内存里没有数据，则会到服务器上取。如果采用传统的ajax编写方式，就会存在这种情况
        //当时如果确实读取数据没有记录，就会出现连续读2次的数据库的情况，不过这种情况只有当
        //没有找到记录，并且是第一次装载页面时才会出现，所以这个问题基本上可以忽略. 
        if ( firstData.totalProperty != 0 ){
           this.memoryProxy.load(params, reader, callback, scope,arg);
        } else { 
           this.httpProxy.load(params, reader, callback, scope,arg);
        }         
      }else {
        this.httpProxy.load(params, reader, callback, scope,arg);
      }
    }
 });
   
  var httpProxy = new Ext.data.HttpProxy({url:'${table.uri}'}) ;
  var memoryProxy = new  Ext.data.MemoryProxy( firstData );
  var proxyEx = new Ext.data.HttpProxy_net_jcreate_e3_tableEx(httpProxy, memoryProxy);
  var store = new Ext.data.Store({
    remoteSort: true,
    proxy:  proxyEx ,
    reader: new Ext.data.JsonReader(
     {
       totalProperty: 'totalProperty',
       root: 'root'
     }, 
     [
#foreach($col in $cols)
#if ( $col.last )
    {name: '${col.property}'}
#else
    {name: '${col.property}'},
#end
#end    
    ]
    )
});
${table.id}E3ExtStore = store;
    // create the Grid
    var columnModel =
     [
#foreach($col in $cols)
#if ( $col.last )
         {header: "${col.title}",  hidden: ${col.hidden}, sortable: ${col.sortable}, #if(${col.width}) width : ${tools.width( ${col.width} )} , #end dataIndex: '${col.property}', id: '${col.property}'}
#else
         {header: "${col.title}",  hidden: ${col.hidden},sortable: ${col.sortable},  #if(${col.width}) width : ${tools.width( ${col.width} )} , #end dataIndex: '${col.property}',  id: '${col.property}'},
#end
#end       
        ];
    var cm = new Ext.grid.ColumnModel(columnModel);  
    
     var initConfig={
        el : '${table.id}E3GridZone',
        store: store,         
        sm: new Ext.grid.RowSelectionModel({singleSelect:true}),   
        cm: cm,
        stripeRows: true,
#if($lastCol)  autoExpandColumn : '${lastCol.property}', #end
        bodyStyle : 'width:100%;',
        #if(${table.width}) width : ${tools.width( ${table.width} )} ,   #else width : '100%' , #end 
        #if(${table.height}) height : ${tools.width( ${table.height} )}, #else height : 350 , #end
        title:'${table.caption}' ,
#if( $tableDirector.showTopToolbar )   
    tbar: new Ext.PagingToolbar({
        pageSize: ${pageInfo.pageSize},
        store: store,
        paramNames :{start: 'net_jcreate_e3_table_html_start_${table.id}', limit : 'net_jcreate_e3_table_html_pageSize_${table.id}' },
        displayInfo: true,
        displayMsg: '${res_displayMsg}',
        emptyMsg: "${table.noDataTip}"
    }),
#end    
        
#if( $tableDirector.showBottomToolbar )        
        bbar: new Ext.PagingToolbar({
        pageSize: ${pageInfo.pageSize},
        paramNames :{start: 'net_jcreate_e3_table_html_start_${table.id}', limit : 'net_jcreate_e3_table_html_pageSize_${table.id}' }, 
        store: store,
        displayInfo: true,
        displayMsg: '${res_displayMsg}',
        emptyMsg: "${table.noDataTip}"
    }),
#end    

    
    loadMask: {msg:'${res_loadingMsg}'}    
     
     };
    
    //用户可以定义一个confinHandler来设置一些额外的配置 
    if ( typeof(${table.id}ConfigHandler) == 'function' ){   
      ${table.id}ConfigHandler( initConfig );
    }     
    
     var grid = new Ext.grid.GridPanel(
        initConfig
    );
    ${table.id}E3ExtGrid = grid;
    store.paramNames.sort = 'net_jcreate_e3_table_html_sortProperty_${table.id}';
    store.paramNames.dir = 'net_jcreate_e3_table_html_sortDir_${table.id}';

#set( $start = "net_jcreate_e3_table_html_start_${table.id}"    )
#set( $pageSize = "net_jcreate_e3_table_html_pageSize_${table.id}"  )
    
    //refresh,sort,load都会追加这些参数.业务参数在这传递,在load方法里传递服务器取不到.
    store.on('beforeload', function() {   
       Ext.apply(store.baseParams,{
   #foreach ($param in $params)   
#if (     ${param.name} == $start  ||  ${param.name} == $pageSize )
 
#else
    ${param.name} : '${param.value}',
#end     
#end
             net_jcreate_e3_table_html_exported_${table.id}: 'true',
             net_jcreate_e3_table_html_refreshZone: '${table.id}'
       });   
    });
    store.load({params:{
       net_jcreate_e3_table_html_start_${table.id} : ${pageInfo.start},
       net_jcreate_e3_table_html_pageSize_${table.id} : ${pageInfo.pageSize}
    }});
    
    if ( typeof(${table.id}RenderBeforeHandler) == 'function' ){   
      ${table.id}RenderBeforeHandler( grid );
    }
    grid.render();
    
    if ( typeof(${table.id}RenderAfterHandler) == 'function' ){    
      ${table.id}RenderAfterHandler( grid );
    }
    grid.getSelectionModel().selectFirstRow();
});
</script>
#end

#if ( ${table.exported} == true )
<!--e3.begin of refresh zone:${table.id}-->
#exportData()
<!--e3.end of refresh zone:${table.id}-->
#end
  ]]></content></template>	
  
  <template name="noDataRow" ><content><![CDATA[
  ]]></content></template>	
   

   
<!--fast模式不执行-->  
  <template name="rowBegin" ><content><![CDATA[
  ]]></content></template>	
  <template name="rowEnd" ><content><![CDATA[
  ]]></content></template>	  
  
  
  <!--fast模式不执行-->
  <template name="cellBegin" ><content><![CDATA[<td ${cell.AttributesAsString}>]]></content></template>	
  <template name="cell" ><content><![CDATA[<td ${cell.AttributesAsString}>${cellValue}</td>]]></content></template>
  <!--fast模式不执行-->
  <template name="cellEnd" ><content><![CDATA[</td>]]></content></template>	
  	
  
</skin>
