<?xml version="1.0" encoding="UTF-8"?>
<skin name="E3002" >
	<processor type="net.jcreate.e3.table.skin.processor.VelocityTemplateProcessor"/>
	<constant name="displayMsg" dynamic="true" >
	  <value><![CDATA[${messageResource.getMessage("e3.table.ext.displayMsg")}]]></value>
	</constant>
	
  <template name="scriptBegin" ><content><![CDATA[
#if ( ${pageInfo.exported} == false )  
    <link rel="stylesheet" type="text/css" href="${contextPath}/e3/tree/ext/resources/css/ext-all.css" />
 	<script type="text/javascript" src="${contextPath}/e3/tree/ext/adapter/ext/ext-base.js"></script>
 	<script type="text/javascript" src="${contextPath}/e3/tree/ext/ext-all.js"></script>
#end 	 
  ]]></content></template>
  	
  <template name="scriptEnd" ><content><![CDATA[
  ]]></content></template>	
   
<template name="topNavigation" ><content><![CDATA[
  ]]></content></template>	  
  
<template name="bottomNavigation" ><content><![CDATA[
]]></content></template>	  
  
  
  <template name="docBegin" ><content><![CDATA[
  ]]></content></template>	
  <template name="docEnd" ><content><![CDATA[
  ]]></content></template>	
  

  <template name="caption" ><content><![CDATA[
  ]]></content></template>	

  <template name="paramsForm" ><content><![CDATA[
  ]]></content></template>	


  <template name="tableBegin" ><content><![CDATA[
  ]]></content></template>
  	
  <template name="tableEnd" ><content><![CDATA[     
  ]]></content></template>	
  
  

  <template name="columnGroupsBegin" ><content><![CDATA[
  ]]></content></template>	
  <template name="columnGroupBegin" ><content><![CDATA[]]></content></template>	
  <template name="columnGroup" ><content><![CDATA[]]></content></template>	
  <template name="columnGroupEnd" ><content><![CDATA[]]></content></template>	


  <template name="headerBegin" ><content><![CDATA[
  ]]></content></template>	
  <template name="headerEnd" ><content><![CDATA[
  ]]></content></template>	 
  
  <!--fast模式不执行-->
  <template name="columnBegin" ><content><![CDATA[
  ]]></content></template>	  
  <template name="column" ><content><![CDATA[
  ]]></content></template>
  
  <!--fast模式不执行-->	
  <template name="columnEnd" ><content><![CDATA[
  ]]></content></template>	
  
  
  

  <template name="bodyBegin" ><content><![CDATA[
  ]]></content></template>	
  <template name="bodyEnd" ><content><![CDATA[
#if ( ${pageInfo.exported} == false )  
   
   <table style="width:100%"><tr><td id="${table.id}E3GridZone"></td></tr></table>
<script>

function refresh_${table.id}(){
  alert('暂时不提供刷新功能');
}
Ext.onReady(function(){

  var store = new Ext.data.Store({
    remoteSort: true,
    proxy:  new Ext.data.HttpProxy({url:'${table.uri}'}),
    reader: new Ext.data.JsonReader(
     {
       totalProperty: 'totalProperty',
       root: 'root'
     }, 
     [
#foreach($col in $cols)
#if ( $col.last )
    {name: '${col.property}'}
#else
    {name: '${col.property}'},
#end
#end    
    ]
    )
});
    // create the Grid
     var grid = new Ext.grid.GridPanel({
        el : '${table.id}E3GridZone',
        store: store,       
        columns: [
#foreach($col in $cols)
#if ( $col.last )
         {header: "${col.title}",   sortable: ${col.sortable}, #if(${col.width}) width : ${tools.width( ${col.width} )} , #end dataIndex: '${col.property}'}
#else
         {header: "${col.title}",  sortable: ${col.sortable},  #if(${col.width}) width : ${tools.width( ${col.width} )} , #end dataIndex: '${col.property}'},
#end
#end     
        ],
        stripeRows: true,
        bodyStyle:'width:100%;height:100%;',
        autoWidth:true,
        autoHeight:true,
        title:'${table.caption}' ,
         bbar: new Ext.PagingToolbar({
        pageSize: ${pageInfo.pageSize},
        paramNames :{start: 'net_jcreate_e3_table_html_start_${table.id}', limit : 'net_jcreate_e3_table_html_pageSize_${table.id}' }, 
        store: store,
        displayInfo: true,
        displayMsg: '${res_displayMsg}',
        emptyMsg: "${table.noDataTip}"
    }),
    tbar: new Ext.PagingToolbar({
        pageSize: ${pageInfo.pageSize},
        store: store,
        paramNames :{start: 'net_jcreate_e3_table_html_start_${table.id}', limit : 'net_jcreate_e3_table_html_pageSize_${table.id}' },
        displayInfo: true,
        displayMsg: '${res_displayMsg}',
        emptyMsg: "${table.noDataTip}"
    })
        
    });
    
    store.paramNames.sort = 'net_jcreate_e3_table_html_sortProperty_${table.id}';
    store.paramNames.dir = 'net_jcreate_e3_table_html_sortDir_${table.id}';
    
    store.on('beforeload', function() {   
       Ext.apply(store.baseParams,{
             net_jcreate_e3_table_html_exported_${table.id}: 'true',
             net_jcreate_e3_table_html_refreshZone: '${table.id}'
       });   
    });      
    store.load({params:{
    net_jcreate_e3_table_html_start_${table.id}:${pageInfo.start},
    net_jcreate_e3_table_html_pageSize_${table.id}:${pageInfo.pageSize}, 
    net_jcreate_e3_table_html_exported_${table.id}: 'true',
    net_jcreate_e3_table_html_refreshZone: '${table.id}'
     
    }});
    
    if ( typeof(${table.id}RenderBeforeHandler) == 'function' ){   
      ${table.id}RenderBeforeHandler( grid );
    }
    grid.render();
    
    if ( typeof(${table.id}RenderAfterHandler) == 'function' ){    
      ${table.id}RenderAfterHandler( grid );
    }
    grid.getSelectionModel().selectFirstRow();
});
</script>
#end

#if ( ${pageInfo.exported} == true )
<!--e3.begin of refresh zone:${table.id}-->
##生成数据
{  
totalProperty:${pageInfo.total},root:[
#foreach($row in $rows)
#if ( $row.last )
{
#foreach($cell in $row.cells )
#if ( $cell.last )
   ${cell.column.property} : '${tools.escapeJs( $cell.getValue() )}'
#else
   ${cell.column.property} : '${tools.escapeJs( $cell.getValue() )}',
#end
#end
}
#else
{
#foreach($cell in $row.cells )
#if ( $cell.last )
   ${cell.column.property} : '${tools.escapeJs( $cell.getValue() )}'
#else
   ${cell.column.property} : '${tools.escapeJs( $cell.getValue() )}',
#end
#end
},
#end
#end
                      ]
}
#end

<!--e3.end of refresh zone:${table.id}-->
  ]]></content></template>	
  
  <template name="noDataRow" ><content><![CDATA[
  ]]></content></template>	
  

  
<!--fast模式不执行-->  
  <template name="rowBegin" ><content><![CDATA[
  ]]></content></template>	
  <template name="rowEnd" ><content><![CDATA[
  ]]></content></template>	  
  
  
  <!--fast模式不执行-->
  <template name="cellBegin" ><content><![CDATA[<td ${cell.AttributesAsString}>]]></content></template>	
  <template name="cell" ><content><![CDATA[<td ${cell.AttributesAsString}>${cellValue}</td>]]></content></template>
  <!--fast模式不执行-->
  <template name="cellEnd" ><content><![CDATA[</td>]]></content></template>	
  	
  
</skin>
